{
    "loss": [
        1.865697979927063
    ],
    "accuracy": [
        5.862825219082879e-06
    ],
    "auc": [
        0.9479879140853882
    ],
    "precision": [
        0.780626118183136
    ],
    "recall": [
        0.42241325974464417
    ],
    "val_loss": [
        0.9345217943191528
    ],
    "val_accuracy": [
        0.0
    ],
    "val_auc": [
        0.9865696430206299
    ],
    "val_precision": [
        0.8984375
    ],
    "val_recall": [
        0.6744229793548584
    ]
}