{
    "loss": 0.9462889432907104,
    "accuracy": 0.0,
    "auc": 0.9862928986549377,
    "precision": 0.9027207493782043,
    "recall": 0.665342390537262
}